DATE,DAILY_PRECIP,STATION,STATION_NAME,ELEVATION,LATITUDE,LONGITUDE,YEAR,JULIAN
1/1/03,0,COOP:050843,BOULDER 2 CO US,1650.5,40.03389,-105.28111,2003,1
1/5/03,999.99,COOP:050843,BOULDER 2 CO US,1650.5,40.03389,-105.28111,2003,5
2/1/03,0,COOP:050843,BOULDER 2 CO US,1650.5,40.03389,-105.28111,2003,32
2/2/03,999.99,COOP:050843,BOULDER 2 CO US,1650.5,40.03389,-105.28111,2003,33
2/3/03,0.4,COOP:050843,BOULDER 2 CO US,1650.5,40.03389,-105.28111,2003,34
2/5/03,0.2,COOP:050843,BOULDER 2 CO US,1650.5,40.03389,-105.28111,2003,36
2/6/03,0.1,COOP:050843,BOULDER 2 CO US,1650.5,40.03389,-105.28111,2003,37
2/7/03,0.1,COOP:050843,BOULDER 2 CO US,1650.5,40.03389,-105.28111,2003,38
2/10/03,0,COOP:050843,BOULDER 2 CO US,1650.5,40.03389,-105.28111,2003,41
2/18/03,0,COOP:050843,BOULDER 2 CO US,1650.5,40.03389,-105.28111,2003,49
2/24/03,0.3,COOP:050843,BOULDER 2 CO US,1650.5,40.03389,-105.28111,2003,55
2/27/03,0.1,COOP:050843,BOULDER 2 CO US,1650.5,40.03389,-105.28111,2003,58
2/28/03,0.2,COOP:050843,BOULDER 2 CO US,1650.5,40.03389,-105.28111,2003,59
3/1/03,0,COOP:050843,BOULDER 2 CO US,1650.5,40.03389,-105.28111,2003,60
3/2/03,0.3,COOP:050843,BOULDER 2 CO US,1650.5,40.03389,-105.28111,2003,61
3/5/03,0.1,COOP:050843,BOULDER 2 CO US,1650.5,40.03389,-105.28111,2003,64
3/17/03,0.1,COOP:050843,BOULDER 2 CO US,1650.5,40.03389,-105.28111,2003,76
3/18/03,1.8,COOP:050843,BOULDER 2 CO US,1650.5,40.03389,-105.28111,2003,77
3/19/03,2.3,COOP:050843,BOULDER 2 CO US,1650.5,40.03389,-105.28111,2003,78
3/21/03,0.1,COOP:050843,BOULDER 2 CO US,1650.5,40.03389,-105.28111,2003,80
3/24/03,0.3,COOP:050843,BOULDER 2 CO US,1650.5,40.03389,-105.28111,2003,83
3/28/03,0.1,COOP:050843,BOULDER 2 CO US,1650.5,40.03389,-105.28111,2003,87
3/29/03,0.1,COOP:050843,BOULDER 2 CO US,1650.5,40.03389,-105.28111,2003,88
4/1/03,0,COOP:050843,BOULDER 2 CO US,1650.5,40.03389,-105.28111,2003,91
4/6/03,0.1,COOP:050843,BOULDER 2 CO US,1650.5,40.03389,-105.28111,2003,96
4/7/03,0.2,COOP:050843,BOULDER 2 CO US,1650.5,40.03389,-105.28111,2003,97
4/8/03,0.2,COOP:050843,BOULDER 2 CO US,1650.5,40.03389,-105.28111,2003,98
4/18/03,0.1,COOP:050843,BOULDER 2 CO US,1650.5,40.03389,-105.28111,2003,108
4/19/03,0.2,COOP:050843,BOULDER 2 CO US,1650.5,40.03389,-105.28111,2003,109
4/20/03,0.1,COOP:050843,BOULDER 2 CO US,1650.5,40.03389,-105.28111,2003,110
4/22/03,0.1,COOP:050843,BOULDER 2 CO US,1650.5,40.03389,-105.28111,2003,112
4/24/03,0.6,COOP:050843,BOULDER 2 CO US,1650.5,40.03389,-105.28111,2003,114
4/25/03,999.99,COOP:050843,BOULDER 2 CO US,1650.5,40.03389,-105.28111,2003,115
5/1/03,0,COOP:050843,BOULDER 2 CO US,1650.5,40.03389,-105.28111,2003,121
5/8/03,0.1,COOP:050843,BOULDER 2 CO US,1650.5,40.03389,-105.28111,2003,128
5/9/03,0.1,COOP:050843,BOULDER 2 CO US,1650.5,40.03389,-105.28111,2003,129
5/10/03,1.5,COOP:050843,BOULDER 2 CO US,1650.5,40.03389,-105.28111,2003,130
5/16/03,1.1,COOP:050843,BOULDER 2 CO US,1650.5,40.03389,-105.28111,2003,136
5/19/03,0.1,COOP:050843,BOULDER 2 CO US,1650.5,40.03389,-105.28111,2003,139
5/24/03,0.1,COOP:050843,BOULDER 2 CO US,1650.5,40.03389,-105.28111,2003,144
5/31/03,0.3,COOP:050843,BOULDER 2 CO US,1650.5,40.03389,-105.28111,2003,151
6/1/03,0,COOP:050843,BOULDER 2 CO US,1650.5,40.03389,-105.28111,2003,152
6/5/03,0.1,COOP:050843,BOULDER 2 CO US,1650.5,40.03389,-105.28111,2003,156
6/7/03,0.4,COOP:050843,BOULDER 2 CO US,1650.5,40.03389,-105.28111,2003,158
6/14/03,0.3,COOP:050843,BOULDER 2 CO US,1650.5,40.03389,-105.28111,2003,165
6/18/03,0.4,COOP:050843,BOULDER 2 CO US,1650.5,40.03389,-105.28111,2003,169
6/19/03,0.9,COOP:050843,BOULDER 2 CO US,1650.5,40.03389,-105.28111,2003,170
6/20/03,0.1,COOP:050843,BOULDER 2 CO US,1650.5,40.03389,-105.28111,2003,171
6/23/03,0.1,COOP:050843,BOULDER 2 CO US,1650.5,40.03389,-105.28111,2003,174
6/25/03,0.1,COOP:050843,BOULDER 2 CO US,1650.5,40.03389,-105.28111,2003,176
7/1/03,0,COOP:050843,BOULDER 2 CO US,1650.5,40.03389,-105.28111,2003,182
7/19/03,0.1,COOP:050843,BOULDER 2 CO US,1650.5,40.03389,-105.28111,2003,200
7/27/03,0.1,COOP:050843,BOULDER 2 CO US,1650.5,40.03389,-105.28111,2003,208
7/29/03,0.1,COOP:050843,BOULDER 2 CO US,1650.5,40.03389,-105.28111,2003,210
7/31/03,0.2,COOP:050843,BOULDER 2 CO US,1650.5,40.03389,-105.28111,2003,212
8/1/03,0,COOP:050843,BOULDER 2 CO US,1650.5,40.03389,-105.28111,2003,213
8/4/03,0.1,COOP:050843,BOULDER 2 CO US,1650.5,40.03389,-105.28111,2003,216
8/7/03,0.1,COOP:050843,BOULDER 2 CO US,1650.5,40.03389,-105.28111,2003,219
8/9/03,0.1,COOP:050843,BOULDER 2 CO US,1650.5,40.03389,-105.28111,2003,221
8/18/03,0.3,COOP:050843,BOULDER 2 CO US,1650.5,40.03389,-105.28111,2003,230
8/27/03,0.1,COOP:050843,BOULDER 2 CO US,1650.5,40.03389,-105.28111,2003,239
8/30/03,1.2,COOP:050843,BOULDER 2 CO US,1650.5,40.03389,-105.28111,2003,242
9/1/03,0,COOP:050843,BOULDER 2 CO US,1650.5,40.03389,-105.28111,2003,244
9/18/03,0.3,COOP:050843,BOULDER 2 CO US,1650.5,40.03389,-105.28111,2003,261
10/1/03,0,COOP:050843,BOULDER 2 CO US,1650.5,40.03389,-105.28111,2003,274
10/30/03,0.1,COOP:050843,BOULDER 2 CO US,1650.5,40.03389,-105.28111,2003,303
10/31/03,0.1,COOP:050843,BOULDER 2 CO US,1650.5,40.03389,-105.28111,2003,304
11/1/03,0.1,COOP:050843,BOULDER 2 CO US,1650.5,40.03389,-105.28111,2003,305
11/3/03,0.3,COOP:050843,BOULDER 2 CO US,1650.5,40.03389,-105.28111,2003,307
11/6/03,0.1,COOP:050843,BOULDER 2 CO US,1650.5,40.03389,-105.28111,2003,310
11/22/03,0.2,COOP:050843,BOULDER 2 CO US,1650.5,40.03389,-105.28111,2003,326
11/23/03,0.1,COOP:050843,BOULDER 2 CO US,1650.5,40.03389,-105.28111,2003,327
12/1/03,0,COOP:050843,BOULDER 2 CO US,1650.5,40.03389,-105.28111,2003,335
1/1/04,0,COOP:050843,BOULDER 2 CO US,1650.5,40.03389,-105.28111,2004,1
1/3/04,0.2,COOP:050843,BOULDER 2 CO US,1650.5,40.03389,-105.28111,2004,3
1/20/04,0.1,COOP:050843,BOULDER 2 CO US,1650.5,40.03389,-105.28111,2004,20
1/26/04,0.5,COOP:050843,BOULDER 2 CO US,1650.5,40.03389,-105.28111,2004,26
2/1/04,0.3,COOP:050843,BOULDER 2 CO US,1650.5,40.03389,-105.28111,2004,32
2/4/04,0.1,COOP:050843,BOULDER 2 CO US,1650.5,40.03389,-105.28111,2004,35
2/5/04,0.2,COOP:050843,BOULDER 2 CO US,1650.5,40.03389,-105.28111,2004,36
2/11/04,0.2,COOP:050843,BOULDER 2 CO US,1650.5,40.03389,-105.28111,2004,42
2/12/04,0.1,COOP:050843,BOULDER 2 CO US,1650.5,40.03389,-105.28111,2004,43
2/20/04,0.3,COOP:050843,BOULDER 2 CO US,1650.5,40.03389,-105.28111,2004,51
2/29/04,0.2,COOP:050843,BOULDER 2 CO US,1650.5,40.03389,-105.28111,2004,60
3/1/04,0,COOP:050843,BOULDER 2 CO US,1650.5,40.03389,-105.28111,2004,61
3/5/04,0.8,COOP:050843,BOULDER 2 CO US,1650.5,40.03389,-105.28111,2004,65
4/1/04,0,COOP:050843,BOULDER 2 CO US,1650.5,40.03389,-105.28111,2004,92
4/3/04,0.7,COOP:050843,BOULDER 2 CO US,1650.5,40.03389,-105.28111,2004,94
4/6/04,0.4,COOP:050843,BOULDER 2 CO US,1650.5,40.03389,-105.28111,2004,97
4/8/04,0.1,COOP:050843,BOULDER 2 CO US,1650.5,40.03389,-105.28111,2004,99
4/9/04,1,COOP:050843,BOULDER 2 CO US,1650.5,40.03389,-105.28111,2004,100
4/10/04,1,COOP:050843,BOULDER 2 CO US,1650.5,40.03389,-105.28111,2004,101
4/11/04,0.1,COOP:050843,BOULDER 2 CO US,1650.5,40.03389,-105.28111,2004,102
4/12/04,0.2,COOP:050843,BOULDER 2 CO US,1650.5,40.03389,-105.28111,2004,103
4/21/04,0.2,COOP:050843,BOULDER 2 CO US,1650.5,40.03389,-105.28111,2004,112
4/22/04,0.7,COOP:050843,BOULDER 2 CO US,1650.5,40.03389,-105.28111,2004,113
4/23/04,0.4,COOP:050843,BOULDER 2 CO US,1650.5,40.03389,-105.28111,2004,114
4/25/04,0.2,COOP:050843,BOULDER 2 CO US,1650.5,40.03389,-105.28111,2004,116
4/29/04,0.1,COOP:050843,BOULDER 2 CO US,1650.5,40.03389,-105.28111,2004,120
4/30/04,0.5,COOP:050843,BOULDER 2 CO US,1650.5,40.03389,-105.28111,2004,121
5/1/04,0,COOP:050843,BOULDER 2 CO US,1650.5,40.03389,-105.28111,2004,122
5/12/04,0.5,COOP:050843,BOULDER 2 CO US,1650.5,40.03389,-105.28111,2004,133
5/13/04,0.3,COOP:050843,BOULDER 2 CO US,1650.5,40.03389,-105.28111,2004,134
5/22/04,0.1,COOP:050843,BOULDER 2 CO US,1650.5,40.03389,-105.28111,2004,143
5/25/04,0.3,COOP:050843,BOULDER 2 CO US,1650.5,40.03389,-105.28111,2004,146
5/30/04,0.1,COOP:050843,BOULDER 2 CO US,1650.5,40.03389,-105.28111,2004,151
6/1/04,0,COOP:050843,BOULDER 2 CO US,1650.5,40.03389,-105.28111,2004,153
7/1/04,0,COOP:050843,BOULDER 2 CO US,1650.5,40.03389,-105.28111,2004,183
7/2/04,0,COOP:050843,BOULDER 2 CO US,1650.5,40.03389,-105.28111,2004,184
7/16/04,0.2,COOP:050843,BOULDER 2 CO US,1650.5,40.03389,-105.28111,2004,198
7/17/04,0.3,COOP:050843,BOULDER 2 CO US,1650.5,40.03389,-105.28111,2004,199
7/20/04,0.1,COOP:050843,BOULDER 2 CO US,1650.5,40.03389,-105.28111,2004,202
7/22/04,0.1,COOP:050843,BOULDER 2 CO US,1650.5,40.03389,-105.28111,2004,204
7/23/04,1.7,COOP:050843,BOULDER 2 CO US,1650.5,40.03389,-105.28111,2004,205
7/24/04,0.3,COOP:050843,BOULDER 2 CO US,1650.5,40.03389,-105.28111,2004,206
7/25/04,0.1,COOP:050843,BOULDER 2 CO US,1650.5,40.03389,-105.28111,2004,207
7/28/04,0.1,COOP:050843,BOULDER 2 CO US,1650.5,40.03389,-105.28111,2004,210
8/1/04,0,COOP:050843,BOULDER 2 CO US,1650.5,40.03389,-105.28111,2004,214
8/6/04,0.3,COOP:050843,BOULDER 2 CO US,1650.5,40.03389,-105.28111,2004,219
8/17/04,0.1,COOP:050843,BOULDER 2 CO US,1650.5,40.03389,-105.28111,2004,230
8/18/04,1.1,COOP:050843,BOULDER 2 CO US,1650.5,40.03389,-105.28111,2004,231
8/19/04,1.4,COOP:050843,BOULDER 2 CO US,1650.5,40.03389,-105.28111,2004,232
8/21/04,0.1,COOP:050843,BOULDER 2 CO US,1650.5,40.03389,-105.28111,2004,234
8/28/04,0.2,COOP:050843,BOULDER 2 CO US,1650.5,40.03389,-105.28111,2004,241
9/1/04,0,COOP:050843,BOULDER 2 CO US,1650.5,40.03389,-105.28111,2004,245
9/5/04,0.1,COOP:050843,BOULDER 2 CO US,1650.5,40.03389,-105.28111,2004,249
9/21/04,0.7,COOP:050843,BOULDER 2 CO US,1650.5,40.03389,-105.28111,2004,265
9/22/04,0.2,COOP:050843,BOULDER 2 CO US,1650.5,40.03389,-105.28111,2004,266
9/27/04,0.1,COOP:050843,BOULDER 2 CO US,1650.5,40.03389,-105.28111,2004,271
9/28/04,0.7,COOP:050843,BOULDER 2 CO US,1650.5,40.03389,-105.28111,2004,272
9/30/04,0.2,COOP:050843,BOULDER 2 CO US,1650.5,40.03389,-105.28111,2004,274
10/1/04,0.5,COOP:050843,BOULDER 2 CO US,1650.5,40.03389,-105.28111,2004,275
10/6/04,1.3,COOP:050843,BOULDER 2 CO US,1650.5,40.03389,-105.28111,2004,280
10/13/04,0.6,COOP:050843,BOULDER 2 CO US,1650.5,40.03389,-105.28111,2004,287
10/16/04,0.1,COOP:050843,BOULDER 2 CO US,1650.5,40.03389,-105.28111,2004,290
11/1/04,0.4,COOP:050843,BOULDER 2 CO US,1650.5,40.03389,-105.28111,2004,306
11/10/04,0.3,COOP:050843,BOULDER 2 CO US,1650.5,40.03389,-105.28111,2004,315
11/11/04,0.2,COOP:050843,BOULDER 2 CO US,1650.5,40.03389,-105.28111,2004,316
11/20/04,0.1,COOP:050843,BOULDER 2 CO US,1650.5,40.03389,-105.28111,2004,325
11/21/04,0.1,COOP:050843,BOULDER 2 CO US,1650.5,40.03389,-105.28111,2004,326
11/27/04,0.1,COOP:050843,BOULDER 2 CO US,1650.5,40.03389,-105.28111,2004,332
11/28/04,0.5,COOP:050843,BOULDER 2 CO US,1650.5,40.03389,-105.28111,2004,333
11/29/04,0.1,COOP:050843,BOULDER 2 CO US,1650.5,40.03389,-105.28111,2004,334
12/1/04,0,COOP:050843,BOULDER 2 CO US,1650.5,40.03389,-105.28111,2004,336
12/22/04,0.2,COOP:050843,BOULDER 2 CO US,1650.5,40.03389,-105.28111,2004,357
12/24/04,0.1,COOP:050843,BOULDER 2 CO US,1650.5,40.03389,-105.28111,2004,359
1/1/05,0,COOP:050843,BOULDER 2 CO US,1650.5,40.03389,-105.28111,2005,1
1/2/05,0,COOP:050843,BOULDER 2 CO US,1650.5,40.03389,-105.28111,2005,2
1/5/05,0.1,COOP:050843,BOULDER 2 CO US,1650.5,40.03389,-105.28111,2005,5
1/12/05,0.3,COOP:050843,BOULDER 2 CO US,1650.5,40.03389,-105.28111,2005,12
1/30/05,0.3,COOP:050843,BOULDER 2 CO US,1650.5,40.03389,-105.28111,2005,30
1/31/05,0.5,COOP:050843,BOULDER 2 CO US,1650.5,40.03389,-105.28111,2005,31
2/1/05,0,COOP:050843,BOULDER 2 CO US,1650.5,40.03389,-105.28111,2005,32
2/15/05,0.3,COOP:050843,BOULDER 2 CO US,1650.5,40.03389,-105.28111,2005,46
3/1/05,0,COOP:050843,BOULDER 2 CO US,1650.5,40.03389,-105.28111,2005,60
3/13/05,1,COOP:050843,BOULDER 2 CO US,1650.5,40.03389,-105.28111,2005,72
3/21/05,0.1,COOP:050843,BOULDER 2 CO US,1650.5,40.03389,-105.28111,2005,80
3/24/05,0.1,COOP:050843,BOULDER 2 CO US,1650.5,40.03389,-105.28111,2005,83
3/25/05,0.2,COOP:050843,BOULDER 2 CO US,1650.5,40.03389,-105.28111,2005,84
3/26/05,0.1,COOP:050843,BOULDER 2 CO US,1650.5,40.03389,-105.28111,2005,85
4/1/05,0,COOP:050843,BOULDER 2 CO US,1650.5,40.03389,-105.28111,2005,91
4/10/05,0.6,COOP:050843,BOULDER 2 CO US,1650.5,40.03389,-105.28111,2005,100
4/11/05,0.3,COOP:050843,BOULDER 2 CO US,1650.5,40.03389,-105.28111,2005,101
4/14/05,0.1,COOP:050843,BOULDER 2 CO US,1650.5,40.03389,-105.28111,2005,104
4/21/05,0.1,COOP:050843,BOULDER 2 CO US,1650.5,40.03389,-105.28111,2005,111
4/24/05,0.1,COOP:050843,BOULDER 2 CO US,1650.5,40.03389,-105.28111,2005,114
4/25/05,0.5,COOP:050843,BOULDER 2 CO US,1650.5,40.03389,-105.28111,2005,115
4/28/05,0.8,COOP:050843,BOULDER 2 CO US,1650.5,40.03389,-105.28111,2005,118
4/29/05,1.2,COOP:050843,BOULDER 2 CO US,1650.5,40.03389,-105.28111,2005,119
5/1/05,0.1,COOP:050843,BOULDER 2 CO US,1650.5,40.03389,-105.28111,2005,121
5/11/05,1.2,COOP:050843,BOULDER 2 CO US,1650.5,40.03389,-105.28111,2005,131
5/30/05,0.5,COOP:050843,BOULDER 2 CO US,1650.5,40.03389,-105.28111,2005,150
5/31/05,0.1,COOP:050843,BOULDER 2 CO US,1650.5,40.03389,-105.28111,2005,151
6/1/05,0,COOP:050843,BOULDER 2 CO US,1650.5,40.03389,-105.28111,2005,152
6/2/05,0.1,COOP:050843,BOULDER 2 CO US,1650.5,40.03389,-105.28111,2005,153
6/3/05,0.3,COOP:050843,BOULDER 2 CO US,1650.5,40.03389,-105.28111,2005,154
6/4/05,0.7,COOP:050843,BOULDER 2 CO US,1650.5,40.03389,-105.28111,2005,155
6/9/05,0.1,COOP:050843,BOULDER 2 CO US,1650.5,40.03389,-105.28111,2005,160
6/10/05,0.7,COOP:050843,BOULDER 2 CO US,1650.5,40.03389,-105.28111,2005,161
6/12/05,0.3,COOP:050843,BOULDER 2 CO US,1650.5,40.03389,-105.28111,2005,163
6/22/05,0.2,COOP:050843,BOULDER 2 CO US,1650.5,40.03389,-105.28111,2005,173
6/23/05,0.1,COOP:050843,BOULDER 2 CO US,1650.5,40.03389,-105.28111,2005,174
6/24/05,0.1,COOP:050843,BOULDER 2 CO US,1650.5,40.03389,-105.28111,2005,175
7/1/05,0,COOP:050843,BOULDER 2 CO US,1650.5,40.03389,-105.28111,2005,182
7/25/05,0.1,COOP:050843,BOULDER 2 CO US,1650.5,40.03389,-105.28111,2005,206
7/26/05,0.2,COOP:050843,BOULDER 2 CO US,1650.5,40.03389,-105.28111,2005,207
8/1/05,0,COOP:050843,BOULDER 2 CO US,1650.5,40.03389,-105.28111,2005,213
8/2/05,0.1,COOP:050843,BOULDER 2 CO US,1650.5,40.03389,-105.28111,2005,214
8/4/05,0.6,COOP:050843,BOULDER 2 CO US,1650.5,40.03389,-105.28111,2005,216
8/5/05,0.1,COOP:050843,BOULDER 2 CO US,1650.5,40.03389,-105.28111,2005,217
8/10/05,0.3,COOP:050843,BOULDER 2 CO US,1650.5,40.03389,-105.28111,2005,222
8/14/05,0.2,COOP:050843,BOULDER 2 CO US,1650.5,40.03389,-105.28111,2005,226
8/23/05,0.3,COOP:050843,BOULDER 2 CO US,1650.5,40.03389,-105.28111,2005,235
9/1/05,0,COOP:050843,BOULDER 2 CO US,1650.5,40.03389,-105.28111,2005,244
9/14/05,0.1,COOP:050843,BOULDER 2 CO US,1650.5,40.03389,-105.28111,2005,257
9/22/05,0.1,COOP:050843,BOULDER 2 CO US,1650.5,40.03389,-105.28111,2005,265
9/24/05,0,COOP:050843,BOULDER 2 CO US,1650.5,40.03389,-105.28111,2005,267
10/1/05,0,COOP:050843,BOULDER 2 CO US,1650.5,40.03389,-105.28111,2005,274
10/4/05,0.1,COOP:050843,BOULDER 2 CO US,1650.5,40.03389,-105.28111,2005,277
10/5/05,0.1,COOP:050843,BOULDER 2 CO US,1650.5,40.03389,-105.28111,2005,278
10/9/05,0.6,COOP:050843,BOULDER 2 CO US,1650.5,40.03389,-105.28111,2005,282
10/10/05,1.4,COOP:050843,BOULDER 2 CO US,1650.5,40.03389,-105.28111,2005,283
10/11/05,0.2,COOP:050843,BOULDER 2 CO US,1650.5,40.03389,-105.28111,2005,284
10/19/05,0.1,COOP:050843,BOULDER 2 CO US,1650.5,40.03389,-105.28111,2005,292
10/20/05,0.1,COOP:050843,BOULDER 2 CO US,1650.5,40.03389,-105.28111,2005,293
10/31/05,0.1,COOP:050843,BOULDER 2 CO US,1650.5,40.03389,-105.28111,2005,304
11/1/05,0,COOP:050843,BOULDER 2 CO US,1650.5,40.03389,-105.28111,2005,305
11/14/05,0.1,COOP:050843,BOULDER 2 CO US,1650.5,40.03389,-105.28111,2005,318
11/15/05,0.1,COOP:050843,BOULDER 2 CO US,1650.5,40.03389,-105.28111,2005,319
11/17/05,0.1,COOP:050843,BOULDER 2 CO US,1650.5,40.03389,-105.28111,2005,321
12/1/05,0,COOP:050843,BOULDER 2 CO US,1650.5,40.03389,-105.28111,2005,335
12/3/05,0.1,COOP:050843,BOULDER 2 CO US,1650.5,40.03389,-105.28111,2005,337
12/7/05,0.2,COOP:050843,BOULDER 2 CO US,1650.5,40.03389,-105.28111,2005,341
12/8/05,0.1,COOP:050843,BOULDER 2 CO US,1650.5,40.03389,-105.28111,2005,342
1/1/06,0,COOP:050843,BOULDER 2 CO US,1650.5,40.03389,-105.28111,2006,1
1/16/06,0.1,COOP:050843,BOULDER 2 CO US,1650.5,40.03389,-105.28111,2006,16
1/19/06,0.2,COOP:050843,BOULDER 2 CO US,1650.5,40.03389,-105.28111,2006,19
1/20/06,0.1,COOP:050843,BOULDER 2 CO US,1650.5,40.03389,-105.28111,2006,20
2/1/06,0,COOP:050843,BOULDER 2 CO US,1650.5,40.03389,-105.28111,2006,32
2/10/06,0.3,COOP:050843,BOULDER 2 CO US,1650.5,40.03389,-105.28111,2006,41
2/16/06,0.3,COOP:050843,BOULDER 2 CO US,1650.5,40.03389,-105.28111,2006,47
2/18/06,0.1,COOP:050843,BOULDER 2 CO US,1650.5,40.03389,-105.28111,2006,49
3/1/06,0,COOP:050843,BOULDER 2 CO US,1650.5,40.03389,-105.28111,2006,60
3/8/06,0.4,COOP:050843,BOULDER 2 CO US,1650.5,40.03389,-105.28111,2006,67
3/9/06,0.1,COOP:050843,BOULDER 2 CO US,1650.5,40.03389,-105.28111,2006,68
3/10/06,0.2,COOP:050843,BOULDER 2 CO US,1650.5,40.03389,-105.28111,2006,69
3/12/06,0.1,COOP:050843,BOULDER 2 CO US,1650.5,40.03389,-105.28111,2006,71
3/13/06,0.3,COOP:050843,BOULDER 2 CO US,1650.5,40.03389,-105.28111,2006,72
3/19/06,0.3,COOP:050843,BOULDER 2 CO US,1650.5,40.03389,-105.28111,2006,78
3/20/06,0.5,COOP:050843,BOULDER 2 CO US,1650.5,40.03389,-105.28111,2006,79
3/21/06,0.1,COOP:050843,BOULDER 2 CO US,1650.5,40.03389,-105.28111,2006,80
3/23/06,0.1,COOP:050843,BOULDER 2 CO US,1650.5,40.03389,-105.28111,2006,82
4/1/06,0,COOP:050843,BOULDER 2 CO US,1650.5,40.03389,-105.28111,2006,91
4/7/06,0.2,COOP:050843,BOULDER 2 CO US,1650.5,40.03389,-105.28111,2006,97
4/24/06,0.3,COOP:050843,BOULDER 2 CO US,1650.5,40.03389,-105.28111,2006,114
4/25/06,0.2,COOP:050843,BOULDER 2 CO US,1650.5,40.03389,-105.28111,2006,115
4/28/06,0.2,COOP:050843,BOULDER 2 CO US,1650.5,40.03389,-105.28111,2006,118
5/1/06,0.1,COOP:050843,BOULDER 2 CO US,1650.5,40.03389,-105.28111,2006,121
5/4/06,0.2,COOP:050843,BOULDER 2 CO US,1650.5,40.03389,-105.28111,2006,124
5/5/06,0.1,COOP:050843,BOULDER 2 CO US,1650.5,40.03389,-105.28111,2006,125
5/10/06,0.3,COOP:050843,BOULDER 2 CO US,1650.5,40.03389,-105.28111,2006,130
5/23/06,0.1,COOP:050843,BOULDER 2 CO US,1650.5,40.03389,-105.28111,2006,143
5/30/06,0.1,COOP:050843,BOULDER 2 CO US,1650.5,40.03389,-105.28111,2006,150
6/1/06,0,COOP:050843,BOULDER 2 CO US,1650.5,40.03389,-105.28111,2006,152
6/8/06,0.1,COOP:050843,BOULDER 2 CO US,1650.5,40.03389,-105.28111,2006,159
6/9/06,0.1,COOP:050843,BOULDER 2 CO US,1650.5,40.03389,-105.28111,2006,160
6/16/06,0.2,COOP:050843,BOULDER 2 CO US,1650.5,40.03389,-105.28111,2006,167
6/21/06,0.2,COOP:050843,BOULDER 2 CO US,1650.5,40.03389,-105.28111,2006,172
6/22/06,0.1,COOP:050843,BOULDER 2 CO US,1650.5,40.03389,-105.28111,2006,173
6/24/06,0,COOP:050843,BOULDER 2 CO US,1650.5,40.03389,-105.28111,2006,175
6/25/06,0.2,COOP:050843,BOULDER 2 CO US,1650.5,40.03389,-105.28111,2006,176
7/1/06,0,COOP:050843,BOULDER 2 CO US,1650.5,40.03389,-105.28111,2006,182
7/2/06,0.2,COOP:050843,BOULDER 2 CO US,1650.5,40.03389,-105.28111,2006,183
7/5/06,0.2,COOP:050843,BOULDER 2 CO US,1650.5,40.03389,-105.28111,2006,186
7/8/06,0.4,COOP:050843,BOULDER 2 CO US,1650.5,40.03389,-105.28111,2006,189
7/9/06,0.8,COOP:050843,BOULDER 2 CO US,1650.5,40.03389,-105.28111,2006,190
7/10/06,0.1,COOP:050843,BOULDER 2 CO US,1650.5,40.03389,-105.28111,2006,191
7/20/06,0.2,COOP:050843,BOULDER 2 CO US,1650.5,40.03389,-105.28111,2006,201
7/26/06,0.3,COOP:050843,BOULDER 2 CO US,1650.5,40.03389,-105.28111,2006,207
8/1/06,0,COOP:050843,BOULDER 2 CO US,1650.5,40.03389,-105.28111,2006,213
8/2/06,0.1,COOP:050843,BOULDER 2 CO US,1650.5,40.03389,-105.28111,2006,214
8/3/06,0.1,COOP:050843,BOULDER 2 CO US,1650.5,40.03389,-105.28111,2006,215
8/14/06,0.5,COOP:050843,BOULDER 2 CO US,1650.5,40.03389,-105.28111,2006,226
8/19/06,0.1,COOP:050843,BOULDER 2 CO US,1650.5,40.03389,-105.28111,2006,231
8/26/06,0.1,COOP:050843,BOULDER 2 CO US,1650.5,40.03389,-105.28111,2006,238
9/1/06,0,COOP:050843,BOULDER 2 CO US,1650.5,40.03389,-105.28111,2006,244
9/2/06,0.1,COOP:050843,BOULDER 2 CO US,1650.5,40.03389,-105.28111,2006,245
9/9/06,0.2,COOP:050843,BOULDER 2 CO US,1650.5,40.03389,-105.28111,2006,252
9/10/06,0.1,COOP:050843,BOULDER 2 CO US,1650.5,40.03389,-105.28111,2006,253
9/12/06,0.1,COOP:050843,BOULDER 2 CO US,1650.5,40.03389,-105.28111,2006,255
9/21/06,0.2,COOP:050843,BOULDER 2 CO US,1650.5,40.03389,-105.28111,2006,264
10/1/06,0,COOP:050843,BOULDER 2 CO US,1650.5,40.03389,-105.28111,2006,274
10/9/06,0.5,COOP:050843,BOULDER 2 CO US,1650.5,40.03389,-105.28111,2006,282
10/10/06,0.2,COOP:050843,BOULDER 2 CO US,1650.5,40.03389,-105.28111,2006,283
10/17/06,0.4,COOP:050843,BOULDER 2 CO US,1650.5,40.03389,-105.28111,2006,290
10/18/06,0.4,COOP:050843,BOULDER 2 CO US,1650.5,40.03389,-105.28111,2006,291
10/20/06,0.1,COOP:050843,BOULDER 2 CO US,1650.5,40.03389,-105.28111,2006,293
10/21/06,0.8,COOP:050843,BOULDER 2 CO US,1650.5,40.03389,-105.28111,2006,294
10/26/06,1.2,COOP:050843,BOULDER 2 CO US,1650.5,40.03389,-105.28111,2006,299
11/1/06,0,COOP:050843,BOULDER 2 CO US,1650.5,40.03389,-105.28111,2006,305
11/12/06,0.1,COOP:050843,BOULDER 2 CO US,1650.5,40.03389,-105.28111,2006,316
11/29/06,0.8,COOP:050843,BOULDER 2 CO US,1650.5,40.03389,-105.28111,2006,333
12/1/06,0,COOP:050843,BOULDER 2 CO US,1650.5,40.03389,-105.28111,2006,335
12/2/06,0.1,COOP:050843,BOULDER 2 CO US,1650.5,40.03389,-105.28111,2006,336
12/20/06,1.1,COOP:050843,BOULDER 2 CO US,1650.5,40.03389,-105.28111,2006,354
12/21/06,0.6,COOP:050843,BOULDER 2 CO US,1650.5,40.03389,-105.28111,2006,355
12/29/06,0.6,COOP:050843,BOULDER 2 CO US,1650.5,40.03389,-105.28111,2006,363
12/30/06,0.2,COOP:050843,BOULDER 2 CO US,1650.5,40.03389,-105.28111,2006,364
1/1/07,0,COOP:050843,BOULDER 2 CO US,1650.5,40.03389,-105.28111,2007,1
1/5/07,0.9,COOP:050843,BOULDER 2 CO US,1650.5,40.03389,-105.28111,2007,5
1/8/07,0.1,COOP:050843,BOULDER 2 CO US,1650.5,40.03389,-105.28111,2007,8
1/14/07,0.2,COOP:050843,BOULDER 2 CO US,1650.5,40.03389,-105.28111,2007,14
1/21/07,0.2,COOP:050843,BOULDER 2 CO US,1650.5,40.03389,-105.28111,2007,21
1/22/07,0.1,COOP:050843,BOULDER 2 CO US,1650.5,40.03389,-105.28111,2007,22
1/27/07,0.1,COOP:050843,BOULDER 2 CO US,1650.5,40.03389,-105.28111,2007,27
2/1/07,0,COOP:050843,BOULDER 2 CO US,1650.5,40.03389,-105.28111,2007,32
2/2/07,0.2,COOP:050843,BOULDER 2 CO US,1650.5,40.03389,-105.28111,2007,33
2/13/07,0.1,COOP:050843,BOULDER 2 CO US,1650.5,40.03389,-105.28111,2007,44
2/14/07,0.2,COOP:050843,BOULDER 2 CO US,1650.5,40.03389,-105.28111,2007,45
2/16/07,0.1,COOP:050843,BOULDER 2 CO US,1650.5,40.03389,-105.28111,2007,47
2/28/07,0.4,COOP:050843,BOULDER 2 CO US,1650.5,40.03389,-105.28111,2007,59
3/1/07,0,COOP:050843,BOULDER 2 CO US,1650.5,40.03389,-105.28111,2007,60
3/11/07,0.1,COOP:050843,BOULDER 2 CO US,1650.5,40.03389,-105.28111,2007,70
3/15/07,0.1,COOP:050843,BOULDER 2 CO US,1650.5,40.03389,-105.28111,2007,74
3/24/07,1.1,COOP:050843,BOULDER 2 CO US,1650.5,40.03389,-105.28111,2007,83
3/29/07,0.2,COOP:050843,BOULDER 2 CO US,1650.5,40.03389,-105.28111,2007,88
3/30/07,0.1,COOP:050843,BOULDER 2 CO US,1650.5,40.03389,-105.28111,2007,89
4/1/07,0,COOP:050843,BOULDER 2 CO US,1650.5,40.03389,-105.28111,2007,91
4/6/07,0.1,COOP:050843,BOULDER 2 CO US,1650.5,40.03389,-105.28111,2007,96
4/8/07,0.2,COOP:050843,BOULDER 2 CO US,1650.5,40.03389,-105.28111,2007,98
4/10/07,0.1,COOP:050843,BOULDER 2 CO US,1650.5,40.03389,-105.28111,2007,100
4/17/07,0.3,COOP:050843,BOULDER 2 CO US,1650.5,40.03389,-105.28111,2007,107
4/23/07,0.1,COOP:050843,BOULDER 2 CO US,1650.5,40.03389,-105.28111,2007,113
4/24/07,0.8,COOP:050843,BOULDER 2 CO US,1650.5,40.03389,-105.28111,2007,114
4/25/07,0.2,COOP:050843,BOULDER 2 CO US,1650.5,40.03389,-105.28111,2007,115
5/1/07,0,COOP:050843,BOULDER 2 CO US,1650.5,40.03389,-105.28111,2007,121
5/4/07,0.1,COOP:050843,BOULDER 2 CO US,1650.5,40.03389,-105.28111,2007,124
5/5/07,0.2,COOP:050843,BOULDER 2 CO US,1650.5,40.03389,-105.28111,2007,125
5/6/07,0.5,COOP:050843,BOULDER 2 CO US,1650.5,40.03389,-105.28111,2007,126
5/15/07,0.3,COOP:050843,BOULDER 2 CO US,1650.5,40.03389,-105.28111,2007,135
5/27/07,0.1,COOP:050843,BOULDER 2 CO US,1650.5,40.03389,-105.28111,2007,147
5/29/07,0.8,COOP:050843,BOULDER 2 CO US,1650.5,40.03389,-105.28111,2007,149
6/1/07,0,COOP:050843,BOULDER 2 CO US,1650.5,40.03389,-105.28111,2007,152
6/12/07,0.1,COOP:050843,BOULDER 2 CO US,1650.5,40.03389,-105.28111,2007,163
6/13/07,0.1,COOP:050843,BOULDER 2 CO US,1650.5,40.03389,-105.28111,2007,164
6/16/07,0.1,COOP:050843,BOULDER 2 CO US,1650.5,40.03389,-105.28111,2007,167
7/1/07,0,COOP:050843,BOULDER 2 CO US,1650.5,40.03389,-105.28111,2007,182
7/3/07,0.1,COOP:050843,BOULDER 2 CO US,1650.5,40.03389,-105.28111,2007,184
7/7/07,0.1,COOP:050843,BOULDER 2 CO US,1650.5,40.03389,-105.28111,2007,188
7/11/07,0.1,COOP:050843,BOULDER 2 CO US,1650.5,40.03389,-105.28111,2007,192
7/14/07,0,COOP:050843,BOULDER 2 CO US,1650.5,40.03389,-105.28111,2007,195
8/1/07,0,COOP:050843,BOULDER 2 CO US,1650.5,40.03389,-105.28111,2007,213
8/8/07,0,COOP:050843,BOULDER 2 CO US,1650.5,40.03389,-105.28111,2007,220
8/11/07,0.1,COOP:050843,BOULDER 2 CO US,1650.5,40.03389,-105.28111,2007,223
8/13/07,0,COOP:050843,BOULDER 2 CO US,1650.5,40.03389,-105.28111,2007,225
8/14/07,0.3,COOP:050843,BOULDER 2 CO US,1650.5,40.03389,-105.28111,2007,226
8/16/07,0.2,COOP:050843,BOULDER 2 CO US,1650.5,40.03389,-105.28111,2007,228
8/17/07,0.1,COOP:050843,BOULDER 2 CO US,1650.5,40.03389,-105.28111,2007,229
8/19/07,0.2,COOP:050843,BOULDER 2 CO US,1650.5,40.03389,-105.28111,2007,231
8/20/07,0,COOP:050843,BOULDER 2 CO US,1650.5,40.03389,-105.28111,2007,232
8/25/07,0,COOP:050843,BOULDER 2 CO US,1650.5,40.03389,-105.28111,2007,237
8/28/07,0.2,COOP:050843,BOULDER 2 CO US,1650.5,40.03389,-105.28111,2007,240
9/1/07,0.1,COOP:050843,BOULDER 2 CO US,1650.5,40.03389,-105.28111,2007,244
9/10/07,0.1,COOP:050843,BOULDER 2 CO US,1650.5,40.03389,-105.28111,2007,253
9/24/07,1.1,COOP:050843,BOULDER 2 CO US,1650.5,40.03389,-105.28111,2007,267
9/25/07,0.3,COOP:050843,BOULDER 2 CO US,1650.5,40.03389,-105.28111,2007,268
10/1/07,0,COOP:050843,BOULDER 2 CO US,1650.5,40.03389,-105.28111,2007,274
10/14/07,0.9,COOP:050843,BOULDER 2 CO US,1650.5,40.03389,-105.28111,2007,287
10/15/07,0.2,COOP:050843,BOULDER 2 CO US,1650.5,40.03389,-105.28111,2007,288
10/27/07,0.1,COOP:050843,BOULDER 2 CO US,1650.5,40.03389,-105.28111,2007,300
10/31/07,0.1,COOP:050843,BOULDER 2 CO US,1650.5,40.03389,-105.28111,2007,304
11/1/07,0,COOP:050843,BOULDER 2 CO US,1650.5,40.03389,-105.28111,2007,305
11/21/07,0.4,COOP:050843,BOULDER 2 CO US,1650.5,40.03389,-105.28111,2007,325
11/22/07,0.1,COOP:050843,BOULDER 2 CO US,1650.5,40.03389,-105.28111,2007,326
12/1/07,0,COOP:050843,BOULDER 2 CO US,1650.5,40.03389,-105.28111,2007,335
12/7/07,0.3,COOP:050843,BOULDER 2 CO US,1650.5,40.03389,-105.28111,2007,341
12/8/07,0.3,COOP:050843,BOULDER 2 CO US,1650.5,40.03389,-105.28111,2007,342
12/9/07,0.2,COOP:050843,BOULDER 2 CO US,1650.5,40.03389,-105.28111,2007,343
12/11/07,0.3,COOP:050843,BOULDER 2 CO US,1650.5,40.03389,-105.28111,2007,345
12/12/07,0.1,COOP:050843,BOULDER 2 CO US,1650.5,40.03389,-105.28111,2007,346
12/14/07,0.1,COOP:050843,BOULDER 2 CO US,1650.5,40.03389,-105.28111,2007,348
12/22/07,0.1,COOP:050843,BOULDER 2 CO US,1650.5,40.03389,-105.28111,2007,356
12/25/07,0.2,COOP:050843,BOULDER 2 CO US,1650.5,40.03389,-105.28111,2007,359
12/26/07,0.1,COOP:050843,BOULDER 2 CO US,1650.5,40.03389,-105.28111,2007,360
12/27/07,0.1,COOP:050843,BOULDER 2 CO US,1650.5,40.03389,-105.28111,2007,361
12/29/07,0.1,COOP:050843,BOULDER 2 CO US,1650.5,40.03389,-105.28111,2007,363
1/1/08,0,COOP:050843,BOULDER 2 CO US,1650.5,40.03389,-105.28111,2008,1
1/19/08,0.1,COOP:050843,BOULDER 2 CO US,1650.5,40.03389,-105.28111,2008,19
1/31/08,0.1,COOP:050843,BOULDER 2 CO US,1650.5,40.03389,-105.28111,2008,31
2/1/08,0,COOP:050843,BOULDER 2 CO US,1650.5,40.03389,-105.28111,2008,32
2/4/08,0.1,COOP:050843,BOULDER 2 CO US,1650.5,40.03389,-105.28111,2008,35
2/5/08,0.2,COOP:050843,BOULDER 2 CO US,1650.5,40.03389,-105.28111,2008,36
2/14/08,0.1,COOP:050843,BOULDER 2 CO US,1650.5,40.03389,-105.28111,2008,45
2/15/08,0.1,COOP:050843,BOULDER 2 CO US,1650.5,40.03389,-105.28111,2008,46
2/26/08,0.2,COOP:050843,BOULDER 2 CO US,1650.5,40.03389,-105.28111,2008,57
3/1/08,0,COOP:050843,BOULDER 2 CO US,1650.5,40.03389,-105.28111,2008,61
3/2/08,0.2,COOP:050843,BOULDER 2 CO US,1650.5,40.03389,-105.28111,2008,62
3/5/08,0.2,COOP:050843,BOULDER 2 CO US,1650.5,40.03389,-105.28111,2008,65
3/16/08,0.1,COOP:050843,BOULDER 2 CO US,1650.5,40.03389,-105.28111,2008,76
3/17/08,0.4,COOP:050843,BOULDER 2 CO US,1650.5,40.03389,-105.28111,2008,77
3/23/08,0.1,COOP:050843,BOULDER 2 CO US,1650.5,40.03389,-105.28111,2008,83
3/27/08,0.1,COOP:050843,BOULDER 2 CO US,1650.5,40.03389,-105.28111,2008,87
3/30/08,0.1,COOP:050843,BOULDER 2 CO US,1650.5,40.03389,-105.28111,2008,90
3/31/08,0.1,COOP:050843,BOULDER 2 CO US,1650.5,40.03389,-105.28111,2008,91
4/1/08,0,COOP:050843,BOULDER 2 CO US,1650.5,40.03389,-105.28111,2008,92
4/3/08,0.2,COOP:050843,BOULDER 2 CO US,1650.5,40.03389,-105.28111,2008,94
4/7/08,0.3,COOP:050843,BOULDER 2 CO US,1650.5,40.03389,-105.28111,2008,98
4/10/08,0.3,COOP:050843,BOULDER 2 CO US,1650.5,40.03389,-105.28111,2008,101
4/16/08,0.1,COOP:050843,BOULDER 2 CO US,1650.5,40.03389,-105.28111,2008,107
4/17/08,0.2,COOP:050843,BOULDER 2 CO US,1650.5,40.03389,-105.28111,2008,108
5/1/08,0.2,COOP:050843,BOULDER 2 CO US,1650.5,40.03389,-105.28111,2008,122
5/7/08,0.1,COOP:050843,BOULDER 2 CO US,1650.5,40.03389,-105.28111,2008,128
5/10/08,0.2,COOP:050843,BOULDER 2 CO US,1650.5,40.03389,-105.28111,2008,131
5/13/08,0.7,COOP:050843,BOULDER 2 CO US,1650.5,40.03389,-105.28111,2008,134
5/15/08,0.1,COOP:050843,BOULDER 2 CO US,1650.5,40.03389,-105.28111,2008,136
5/22/08,0.1,COOP:050843,BOULDER 2 CO US,1650.5,40.03389,-105.28111,2008,143
5/26/08,0.3,COOP:050843,BOULDER 2 CO US,1650.5,40.03389,-105.28111,2008,147
5/27/08,0.7,COOP:050843,BOULDER 2 CO US,1650.5,40.03389,-105.28111,2008,148
5/28/08,0.1,COOP:050843,BOULDER 2 CO US,1650.5,40.03389,-105.28111,2008,149
6/1/08,0,COOP:050843,BOULDER 2 CO US,1650.5,40.03389,-105.28111,2008,153
6/5/08,1.4,COOP:050843,BOULDER 2 CO US,1650.5,40.03389,-105.28111,2008,157
7/1/08,0,COOP:050843,BOULDER 2 CO US,1650.5,40.03389,-105.28111,2008,183
7/8/08,0.1,COOP:050843,BOULDER 2 CO US,1650.5,40.03389,-105.28111,2008,190
8/1/08,0,COOP:050843,BOULDER 2 CO US,1650.5,40.03389,-105.28111,2008,214
8/7/08,0.1,COOP:050843,BOULDER 2 CO US,1650.5,40.03389,-105.28111,2008,220
8/11/08,0.1,COOP:050843,BOULDER 2 CO US,1650.5,40.03389,-105.28111,2008,224
8/15/08,0.7,COOP:050843,BOULDER 2 CO US,1650.5,40.03389,-105.28111,2008,228
8/16/08,1.3,COOP:050843,BOULDER 2 CO US,1650.5,40.03389,-105.28111,2008,229
8/17/08,0.4,COOP:050843,BOULDER 2 CO US,1650.5,40.03389,-105.28111,2008,230
8/23/08,0.1,COOP:050843,BOULDER 2 CO US,1650.5,40.03389,-105.28111,2008,236
9/1/08,0,COOP:050843,BOULDER 2 CO US,1650.5,40.03389,-105.28111,2008,245
9/5/08,0.1,COOP:050843,BOULDER 2 CO US,1650.5,40.03389,-105.28111,2008,249
9/8/08,0.1,COOP:050843,BOULDER 2 CO US,1650.5,40.03389,-105.28111,2008,252
9/11/08,1,COOP:050843,BOULDER 2 CO US,1650.5,40.03389,-105.28111,2008,255
9/12/08,0.3,COOP:050843,BOULDER 2 CO US,1650.5,40.03389,-105.28111,2008,256
10/1/08,0,COOP:050843,BOULDER 2 CO US,1650.5,40.03389,-105.28111,2008,275
10/6/08,0.1,COOP:050843,BOULDER 2 CO US,1650.5,40.03389,-105.28111,2008,280
10/11/08,0.2,COOP:050843,BOULDER 2 CO US,1650.5,40.03389,-105.28111,2008,285
10/12/08,0.4,COOP:050843,BOULDER 2 CO US,1650.5,40.03389,-105.28111,2008,286
10/13/08,0.4,COOP:050843,BOULDER 2 CO US,1650.5,40.03389,-105.28111,2008,287
11/1/08,0,COOP:050843,BOULDER 2 CO US,1650.5,40.03389,-105.28111,2008,306
11/14/08,0.1,COOP:050843,BOULDER 2 CO US,1650.5,40.03389,-105.28111,2008,319
11/29/08,0.1,COOP:050843,BOULDER 2 CO US,1650.5,40.03389,-105.28111,2008,334
12/1/08,0,COOP:050843,BOULDER 2 CO US,1650.5,40.03389,-105.28111,2008,336
12/4/08,0.2,COOP:050843,BOULDER 2 CO US,1650.5,40.03389,-105.28111,2008,339
12/5/08,0.1,COOP:050843,BOULDER 2 CO US,1650.5,40.03389,-105.28111,2008,340
12/9/08,0.6,COOP:050843,BOULDER 2 CO US,1650.5,40.03389,-105.28111,2008,344
12/14/08,0.2,COOP:050843,BOULDER 2 CO US,1650.5,40.03389,-105.28111,2008,349
12/19/08,0.1,COOP:050843,BOULDER 2 CO US,1650.5,40.03389,-105.28111,2008,354
1/1/09,0,COOP:050843,BOULDER 2 CO US,1650.5,40.03389,-105.28111,2009,1
1/12/09,0.2,COOP:050843,BOULDER 2 CO US,1650.5,40.03389,-105.28111,2009,12
1/26/09,0.1,COOP:050843,BOULDER 2 CO US,1650.5,40.03389,-105.28111,2009,26
2/1/09,0,COOP:050843,BOULDER 2 CO US,1650.5,40.03389,-105.28111,2009,32
2/9/09,0.1,COOP:050843,BOULDER 2 CO US,1650.5,40.03389,-105.28111,2009,40
2/11/09,0.1,COOP:050843,BOULDER 2 CO US,1650.5,40.03389,-105.28111,2009,42
2/15/09,0.1,COOP:050843,BOULDER 2 CO US,1650.5,40.03389,-105.28111,2009,46
3/1/09,0,COOP:050843,BOULDER 2 CO US,1650.5,40.03389,-105.28111,2009,60
3/19/09,0.1,COOP:050843,BOULDER 2 CO US,1650.5,40.03389,-105.28111,2009,78
3/26/09,1.1,COOP:050843,BOULDER 2 CO US,1650.5,40.03389,-105.28111,2009,85
3/27/09,0.3,COOP:050843,BOULDER 2 CO US,1650.5,40.03389,-105.28111,2009,86
3/29/09,0.1,COOP:050843,BOULDER 2 CO US,1650.5,40.0338,-105.2811,2009,88
3/31/09,0,COOP:050843,BOULDER 2 CO US,1650.5,40.0338,-105.2811,2009,90
4/1/09,0.2,COOP:050843,BOULDER 2 CO US,1650.5,40.0338,-105.2811,2009,91
4/2/09,0.1,COOP:050843,BOULDER 2 CO US,1650.5,40.0338,-105.2811,2009,92
4/4/09,0.6,COOP:050843,BOULDER 2 CO US,1650.5,40.0338,-105.2811,2009,94
4/5/09,0.1,COOP:050843,BOULDER 2 CO US,1650.5,40.0338,-105.2811,2009,95
4/6/09,0.1,COOP:050843,BOULDER 2 CO US,1650.5,40.0338,-105.2811,2009,96
4/7/09,999.99,COOP:050843,BOULDER 2 CO US,1650.5,40.0338,-105.2811,2009,97
4/12/09,0,COOP:050843,BOULDER 2 CO US,1650.5,40.0338,-105.2811,2009,102
5/1/09,0,COOP:050843,BOULDER 2 CO US,1650.5,40.0338,-105.2811,2009,121
5/2/09,0.1,COOP:050843,BOULDER 2 CO US,1650.5,40.0338,-105.2811,2009,122
5/3/09,0.1,COOP:050843,BOULDER 2 CO US,1650.5,40.0338,-105.2811,2009,123
5/4/09,0.1,COOP:050843,BOULDER 2 CO US,1650.5,40.0338,-105.2811,2009,124
5/10/09,0.2,COOP:050843,BOULDER 2 CO US,1650.5,40.0338,-105.2811,2009,130
5/11/09,0.1,COOP:050843,BOULDER 2 CO US,1650.5,40.0338,-105.2811,2009,131
5/23/09,0.1,COOP:050843,BOULDER 2 CO US,1650.5,40.0338,-105.2811,2009,143
5/24/09,0.8,COOP:050843,BOULDER 2 CO US,1650.5,40.0338,-105.2811,2009,144
5/26/09,0.8,COOP:050843,BOULDER 2 CO US,1650.5,40.0338,-105.2811,2009,146
6/1/09,0,COOP:050843,BOULDER 2 CO US,1650.5,40.0338,-105.2811,2009,152
6/2/09,0.7,COOP:050843,BOULDER 2 CO US,1650.5,40.0338,-105.2811,2009,153
6/3/09,0.1,COOP:050843,BOULDER 2 CO US,1650.5,40.0338,-105.2811,2009,154
6/7/09,0.1,COOP:050843,BOULDER 2 CO US,1650.5,40.0338,-105.2811,2009,158
6/10/09,0.1,COOP:050843,BOULDER 2 CO US,1650.5,40.0338,-105.2811,2009,161
6/12/09,0.1,COOP:050843,BOULDER 2 CO US,1650.5,40.0338,-105.2811,2009,163
6/13/09,0.1,COOP:050843,BOULDER 2 CO US,1650.5,40.0338,-105.2811,2009,164
6/15/09,0.1,COOP:050843,BOULDER 2 CO US,1650.5,40.0338,-105.2811,2009,166
6/19/09,0.1,COOP:050843,BOULDER 2 CO US,1650.5,40.0338,-105.2811,2009,170
6/21/09,0.1,COOP:050843,BOULDER 2 CO US,1650.5,40.0338,-105.2811,2009,172
6/26/09,0.1,COOP:050843,BOULDER 2 CO US,1650.5,40.0338,-105.2811,2009,177
7/1/09,0,COOP:050843,BOULDER 2 CO US,1650.5,40.0338,-105.2811,2009,182
7/2/09,0.7,COOP:050843,BOULDER 2 CO US,1650.5,40.0338,-105.2811,2009,183
7/4/09,0.3,COOP:050843,BOULDER 2 CO US,1650.5,40.0338,-105.2811,2009,185
7/5/09,0.1,COOP:050843,BOULDER 2 CO US,1650.5,40.0338,-105.2811,2009,186
7/13/09,0.1,COOP:050843,BOULDER 2 CO US,1650.5,40.0338,-105.2811,2009,194
7/21/09,0.4,COOP:050843,BOULDER 2 CO US,1650.5,40.0338,-105.2811,2009,202
7/27/09,0.2,COOP:050843,BOULDER 2 CO US,1650.5,40.0338,-105.2811,2009,208
7/28/09,0.1,COOP:050843,BOULDER 2 CO US,1650.5,40.0338,-105.2811,2009,209
7/29/09,0.1,COOP:050843,BOULDER 2 CO US,1650.5,40.0338,-105.2811,2009,210
7/30/09,0.5,COOP:050843,BOULDER 2 CO US,1650.5,40.0338,-105.2811,2009,211
8/1/09,0,COOP:050843,BOULDER 2 CO US,1650.5,40.0338,-105.2811,2009,213
8/6/09,0.1,COOP:050843,BOULDER 2 CO US,1650.5,40.0338,-105.2811,2009,218
8/19/09,0,COOP:050843,BOULDER 2 CO US,1650.5,40.0338,-105.2811,2009,231
9/1/09,0,COOP:050843,BOULDER 2 CO US,1650.5,40.0338,-105.2811,2009,244
9/12/09,0.1,COOP:050843,BOULDER 2 CO US,1650.5,40.0338,-105.2811,2009,255
9/21/09,0.2,COOP:050843,BOULDER 2 CO US,1650.5,40.0338,-105.2811,2009,264
9/25/09,0.1,COOP:050843,BOULDER 2 CO US,1650.5,40.0338,-105.2811,2009,268
10/1/09,0,COOP:050843,BOULDER 2 CO US,1650.5,40.0338,-105.2811,2009,274
10/5/09,0.1,COOP:050843,BOULDER 2 CO US,1650.5,40.0338,-105.2811,2009,278
10/8/09,0.1,COOP:050843,BOULDER 2 CO US,1650.5,40.0338,-105.2811,2009,281
10/9/09,0.1,COOP:050843,BOULDER 2 CO US,1650.5,40.0338,-105.2811,2009,282
10/12/09,0.2,COOP:050843,BOULDER 2 CO US,1650.5,40.0338,-105.2811,2009,285
10/21/09,0.3,COOP:050843,BOULDER 2 CO US,1650.5,40.0338,-105.2811,2009,294
10/22/09,0.1,COOP:050843,BOULDER 2 CO US,1650.5,40.0338,-105.2811,2009,295
10/25/09,0.1,COOP:050843,BOULDER 2 CO US,1650.5,40.0338,-105.2811,2009,298
10/26/09,0.1,COOP:050843,BOULDER 2 CO US,1650.5,40.0338,-105.2811,2009,299
10/28/09,0.9,COOP:050843,BOULDER 2 CO US,1650.5,40.0338,-105.2811,2009,301
10/29/09,0.4,COOP:050843,BOULDER 2 CO US,1650.5,40.0338,-105.2811,2009,302
11/1/09,0,COOP:050843,BOULDER 2 CO US,1650.5,40.0338,-105.2811,2009,305
11/14/09,0.1,COOP:050843,BOULDER 2 CO US,1650.5,40.0338,-105.2811,2009,318
11/15/09,0.7,COOP:050843,BOULDER 2 CO US,1650.5,40.0338,-105.2811,2009,319
12/1/09,0,COOP:050843,BOULDER 2 CO US,1650.5,40.0338,-105.2811,2009,335
12/2/09,0.3,COOP:050843,BOULDER 2 CO US,1650.5,40.0338,-105.2811,2009,336
12/3/09,0.1,COOP:050843,BOULDER 2 CO US,1650.5,40.0338,-105.2811,2009,337
12/6/09,0.1,COOP:050843,BOULDER 2 CO US,1650.5,40.0338,-105.2811,2009,340
12/7/09,0.1,COOP:050843,BOULDER 2 CO US,1650.5,40.0338,-105.2811,2009,341
12/8/09,0.1,COOP:050843,BOULDER 2 CO US,1650.5,40.0338,-105.2811,2009,342
12/23/09,0.4,COOP:050843,BOULDER 2 CO US,1650.5,40.0338,-105.2811,2009,357
12/24/09,0.2,COOP:050843,BOULDER 2 CO US,1650.5,40.0338,-105.2811,2009,358
1/1/10,0,COOP:050843,BOULDER 2 CO US,1650.5,40.0338,-105.2811,2010,1
1/7/10,0.2,COOP:050843,BOULDER 2 CO US,1650.5,40.0338,-105.2811,2010,7
1/28/10,0.1,COOP:050843,BOULDER 2 CO US,1650.5,40.0338,-105.2811,2010,28
2/1/10,0,COOP:050843,BOULDER 2 CO US,1650.5,40.0338,-105.2811,2010,32
2/7/10,0.1,COOP:050843,BOULDER 2 CO US,1650.5,40.0338,-105.2811,2010,38
2/8/10,0.2,COOP:050843,BOULDER 2 CO US,1650.5,40.0338,-105.2811,2010,39
2/14/10,0.1,COOP:050843,BOULDER 2 CO US,1650.5,40.0338,-105.2811,2010,45
2/19/10,0.2,COOP:050843,BOULDER 2 CO US,1650.5,40.0338,-105.2811,2010,50
2/20/10,0.1,COOP:050843,BOULDER 2 CO US,1650.5,40.0338,-105.2811,2010,51
2/21/10,0.3,COOP:050843,BOULDER 2 CO US,1650.5,40.0338,-105.2811,2010,52
2/22/10,0.1,COOP:050843,BOULDER 2 CO US,1650.5,40.0338,-105.2811,2010,53
3/1/10,0.1,COOP:050843,BOULDER 2 CO US,1650.5,40.0338,-105.2811,2010,60
3/10/10,0.1,COOP:050843,BOULDER 2 CO US,1650.5,40.0338,-105.2811,2010,69
3/11/10,0.1,COOP:050843,BOULDER 2 CO US,1650.5,40.0338,-105.2811,2010,70
3/14/10,0.2,COOP:050843,BOULDER 2 CO US,1650.5,40.0338,-105.2811,2010,73
3/15/10,0.1,COOP:050843,BOULDER 2 CO US,1650.5,40.0338,-105.2811,2010,74
3/19/10,1,COOP:050843,BOULDER 2 CO US,1650.5,40.0338,-105.2811,2010,78
3/20/10,0.1,COOP:050843,BOULDER 2 CO US,1650.5,40.0338,-105.2811,2010,79
3/23/10,0.4,COOP:050843,BOULDER 2 CO US,1650.5,40.0338,-105.2811,2010,82
3/24/10,0.6,COOP:050843,BOULDER 2 CO US,1650.5,40.0338,-105.2811,2010,83
3/26/10,0.1,COOP:050843,BOULDER 2 CO US,1650.5,40.0338,-105.2811,2010,85
4/1/10,0,COOP:050843,BOULDER 2 CO US,1650.5,40.0338,-105.2811,2010,91
4/6/10,0.1,COOP:050843,BOULDER 2 CO US,1650.5,40.0338,-105.2811,2010,96
4/7/10,0.1,COOP:050843,BOULDER 2 CO US,1650.5,40.0338,-105.2811,2010,97
4/9/10,0.1,COOP:050843,BOULDER 2 CO US,1650.5,40.0338,-105.2811,2010,99
4/21/10,0.2,COOP:050843,BOULDER 2 CO US,1650.5,40.0338,-105.2811,2010,111
4/22/10,1.5,COOP:050843,BOULDER 2 CO US,1650.5,40.0338,-105.2811,2010,112
4/23/10,1.4,COOP:050843,BOULDER 2 CO US,1650.5,40.0338,-105.2811,2010,113
4/24/10,0.1,COOP:050843,BOULDER 2 CO US,1650.5,40.0338,-105.2811,2010,114
4/26/10,0.4,COOP:050843,BOULDER 2 CO US,1650.5,40.0338,-105.2811,2010,116
4/29/10,0.3,COOP:050843,BOULDER 2 CO US,1650.5,40.0338,-105.2811,2010,119
5/1/10,0.1,COOP:050843,BOULDER 2 CO US,1650.5,40.0338,-105.2811,2010,121
5/6/10,0.1,COOP:050843,BOULDER 2 CO US,1650.5,40.0338,-105.2811,2010,126
5/7/10,0.1,COOP:050843,BOULDER 2 CO US,1650.5,40.0338,-105.2811,2010,127
5/11/10,0.1,COOP:050843,BOULDER 2 CO US,1650.5,40.0338,-105.2811,2010,131
5/12/10,1,COOP:050843,BOULDER 2 CO US,1650.5,40.0338,-105.2811,2010,132
5/13/10,0.1,COOP:050843,BOULDER 2 CO US,1650.5,40.0338,-105.2811,2010,133
5/14/10,0.2,COOP:050843,BOULDER 2 CO US,1650.5,40.0338,-105.2811,2010,134
5/15/10,0.3,COOP:050843,BOULDER 2 CO US,1650.5,40.0338,-105.2811,2010,135
5/19/10,0.1,COOP:050843,BOULDER 2 CO US,1650.5,40.0338,-105.2811,2010,139
5/29/10,0.1,COOP:050843,BOULDER 2 CO US,1650.5,40.0338,-105.2811,2010,149
5/30/10,0.1,COOP:050843,BOULDER 2 CO US,1650.5,40.0338,-105.2811,2010,150
6/1/10,0,COOP:050843,BOULDER 2 CO US,1650.5,40.0338,-105.2811,2010,152
6/11/10,0.3,COOP:050843,BOULDER 2 CO US,1650.5,40.0338,-105.2811,2010,162
6/12/10,1.4,COOP:050843,BOULDER 2 CO US,1650.5,40.0338,-105.2811,2010,163
6/13/10,0.5,COOP:050843,BOULDER 2 CO US,1650.5,40.0338,-105.2811,2010,164
6/14/10,0.1,COOP:050843,BOULDER 2 CO US,1650.5,40.0338,-105.2811,2010,165
6/17/10,0,COOP:050843,BOULDER 2 CO US,1650.5,40.0338,-105.2811,2010,168
6/18/10,0,COOP:050843,BOULDER 2 CO US,1650.5,40.0338,-105.2811,2010,169
6/21/10,0.1,COOP:050843,BOULDER 2 CO US,1650.5,40.0338,-105.2811,2010,172
6/27/10,0.1,COOP:050843,BOULDER 2 CO US,1650.5,40.0338,-105.2811,2010,178
7/1/10,0,COOP:050843,BOULDER 2 CO US,1650.5,40.0338,-105.2811,2010,182
7/2/10,0,COOP:050843,BOULDER 2 CO US,1650.5,40.0338,-105.2811,2010,183
7/4/10,0.1,COOP:050843,BOULDER 2 CO US,1650.5,40.0338,-105.2811,2010,185
7/5/10,0.7,COOP:050843,BOULDER 2 CO US,1650.5,40.0338,-105.2811,2010,186
7/7/10,0.6,COOP:050843,BOULDER 2 CO US,1650.5,40.0338,-105.2811,2010,188
7/8/10,0.1,COOP:050843,BOULDER 2 CO US,1650.5,40.0338,-105.2811,2010,189
7/21/10,0.1,COOP:050843,BOULDER 2 CO US,1650.5,40.0338,-105.2811,2010,202
7/30/10,0.1,COOP:050843,BOULDER 2 CO US,1650.5,40.0338,-105.2811,2010,211
8/1/10,0,COOP:050843,BOULDER 2 CO US,1650.5,40.0338,-105.2811,2010,213
8/8/10,0.1,COOP:050843,BOULDER 2 CO US,1650.5,40.0338,-105.2811,2010,220
8/9/10,0.1,COOP:050843,BOULDER 2 CO US,1650.5,40.0338,-105.2811,2010,221
8/10/10,0.1,COOP:050843,BOULDER 2 CO US,1650.5,40.0338,-105.2811,2010,222
8/16/10,0.1,COOP:050843,BOULDER 2 CO US,1650.5,40.0338,-105.2811,2010,228
9/1/10,0,COOP:050843,BOULDER 2 CO US,1650.5,40.0338,-105.2811,2010,244
9/8/10,0.1,COOP:050843,BOULDER 2 CO US,1650.5,40.0338,-105.2811,2010,251
10/1/10,0,COOP:050843,BOULDER 2 CO US,1650.5,40.0338,-105.2811,2010,274
10/7/10,0.1,COOP:050843,BOULDER 2 CO US,1650.5,40.0338,-105.2811,2010,280
10/11/10,0.1,COOP:050843,BOULDER 2 CO US,1650.5,40.0338,-105.2811,2010,284
10/12/10,0.6,COOP:050843,BOULDER 2 CO US,1650.5,40.0338,-105.2811,2010,285
10/22/10,0.1,COOP:050843,BOULDER 2 CO US,1650.5,40.0338,-105.2811,2010,295
11/1/10,0.1,COOP:050843,BOULDER 2 CO US,1650.5,40.0338,-105.2811,2010,305
11/9/10,0.4,COOP:050843,BOULDER 2 CO US,1650.5,40.0338,-105.2811,2010,313
11/11/10,0.2,COOP:050843,BOULDER 2 CO US,1650.5,40.0338,-105.2811,2010,315
11/27/10,0.1,COOP:050843,BOULDER 2 CO US,1650.5,40.0338,-105.2811,2010,331
12/1/10,0,COOP:050843,BOULDER 2 CO US,1650.5,40.0338,-105.2811,2010,335
12/18/10,0.1,COOP:050843,BOULDER 2 CO US,1650.5,40.0338,-105.2811,2010,352
12/23/10,0.1,COOP:050843,BOULDER 2 CO US,1650.5,40.0338,-105.2811,2010,357
12/30/10,0.2,COOP:050843,BOULDER 2 CO US,1650.5,40.0338,-105.2811,2010,364
12/31/10,0.1,COOP:050843,BOULDER 2 CO US,1650.5,40.0338,-105.2811,2010,365
1/1/11,0,COOP:050843,BOULDER 2 CO US,1650.5,40.0338,-105.2811,2011,1
1/4/11,0.1,COOP:050843,BOULDER 2 CO US,1650.5,40.0338,-105.2811,2011,4
1/9/11,0.2,COOP:050843,BOULDER 2 CO US,1650.5,40.0338,-105.2811,2011,9
1/10/11,0.2,COOP:050843,BOULDER 2 CO US,1650.5,40.0338,-105.2811,2011,10
1/19/11,0.2,COOP:050843,BOULDER 2 CO US,1650.5,40.0338,-105.2811,2011,19
1/20/11,0.1,COOP:050843,BOULDER 2 CO US,1650.5,40.0338,-105.2811,2011,20
1/31/11,0.1,COOP:050843,BOULDER 2 CO US,1650.5,40.0338,-105.2811,2011,31
2/1/11,0.1,COOP:050843,BOULDER 2 CO US,1650.5,40.0338,-105.2811,2011,32
2/5/11,0.1,COOP:050843,BOULDER 2 CO US,1650.5,40.0338,-105.2811,2011,36
2/6/11,0.4,COOP:050843,BOULDER 2 CO US,1650.5,40.0338,-105.2811,2011,37
2/8/11,0.3,COOP:050843,BOULDER 2 CO US,1650.5,40.0338,-105.2811,2011,39
2/25/11,0.1,COOP:050843,BOULDER 2 CO US,1650.5,40.0338,-105.2811,2011,56
2/26/11,0.1,COOP:050843,BOULDER 2 CO US,1650.5,40.0338,-105.2811,2011,57
3/1/11,0,COOP:050843,BOULDER 2 CO US,1650.5,40.0338,-105.2811,2011,60
3/13/11,0.1,COOP:050843,BOULDER 2 CO US,1650.5,40.0338,-105.2811,2011,72
3/14/11,0,COOP:050843,BOULDER 2 CO US,1650.5,40.0338,-105.2811,2011,73
3/18/11,0.1,COOP:050843,BOULDER 2 CO US,1650.5,40.0338,-105.2811,2011,77
3/19/11,0,COOP:050843,BOULDER 2 CO US,1650.5,40.0338,-105.2811,2011,78
3/22/11,0,COOP:050843,BOULDER 2 CO US,1650.5,40.0338,-105.2811,2011,81
4/1/11,0,COOP:050843,BOULDER 2 CO US,1650.5,40.0338,-105.2811,2011,91
4/3/11,0.3,COOP:050843,BOULDER 2 CO US,1650.5,40.0338,-105.2811,2011,93
4/10/11,0.2,COOP:050843,BOULDER 2 CO US,1650.5,40.0338,-105.2811,2011,100
4/14/11,1.2,COOP:050843,BOULDER 2 CO US,1650.5,40.0338,-105.2811,2011,104
4/19/11,0.2,COOP:050843,BOULDER 2 CO US,1650.5,40.0338,-105.2811,2011,109
4/21/11,0.2,COOP:050843,BOULDER 2 CO US,1650.5,40.0338,-105.2811,2011,111
4/23/11,0.1,COOP:050843,BOULDER 2 CO US,1650.5,40.0338,-105.2811,2011,113
4/25/11,0.2,COOP:050843,BOULDER 2 CO US,1650.5,40.0338,-105.2811,2011,115
4/26/11,0.1,COOP:050843,BOULDER 2 CO US,1650.5,40.0338,-105.2811,2011,116
5/1/11,0,COOP:050843,BOULDER 2 CO US,1650.5,40.0338,-105.2811,2011,121
5/11/11,1.1,COOP:050843,BOULDER 2 CO US,1650.5,40.0338,-105.2811,2011,131
5/12/11,0.4,COOP:050843,BOULDER 2 CO US,1650.5,40.0338,-105.2811,2011,132
5/13/11,0,COOP:050843,BOULDER 2 CO US,1650.5,40.0338,-105.2811,2011,133
5/14/11,0.2,COOP:050843,BOULDER 2 CO US,1650.5,40.0338,-105.2811,2011,134
5/15/11,0.1,COOP:050843,BOULDER 2 CO US,1650.5,40.0338,-105.2811,2011,135
5/16/11,0,COOP:050843,BOULDER 2 CO US,1650.5,40.0338,-105.2811,2011,136
5/18/11,0.7,COOP:050843,BOULDER 2 CO US,1650.5,40.0338,-105.2811,2011,138
5/19/11,1,COOP:050843,BOULDER 2 CO US,1650.5,40.0338,-105.2811,2011,139
5/20/11,0.3,COOP:050843,BOULDER 2 CO US,1650.5,40.0338,-105.2811,2011,140
5/24/11,0.4,COOP:050843,BOULDER 2 CO US,1650.5,40.0338,-105.2811,2011,144
5/30/11,0.3,COOP:050843,BOULDER 2 CO US,1650.5,40.0338,-105.2811,2011,150
6/1/11,0,COOP:050843,BOULDER 2 CO US,1650.5,40.0338,-105.2811,2011,152
6/10/11,0.1,COOP:050843,BOULDER 2 CO US,1650.5,40.0338,-105.2811,2011,161
6/20/11,0.8,COOP:050843,BOULDER 2 CO US,1650.5,40.0338,-105.2811,2011,171
7/1/11,0,COOP:050843,BOULDER 2 CO US,1650.5,40.0338,-105.2811,2011,182
7/2/11,0.1,COOP:050843,BOULDER 2 CO US,1650.5,40.0338,-105.2811,2011,183
7/6/11,0.1,COOP:050843,BOULDER 2 CO US,1650.5,40.0338,-105.2811,2011,187
7/8/11,0.4,COOP:050843,BOULDER 2 CO US,1650.5,40.0338,-105.2811,2011,189
7/9/11,0.2,COOP:050843,BOULDER 2 CO US,1650.5,40.0338,-105.2811,2011,190
7/11/11,0.2,COOP:050843,BOULDER 2 CO US,1650.5,40.0338,-105.2811,2011,192
7/12/11,0.1,COOP:050843,BOULDER 2 CO US,1650.5,40.0338,-105.2811,2011,193
7/14/11,0.2,COOP:050843,BOULDER 2 CO US,1650.5,40.0338,-105.2811,2011,195
7/20/11,0,COOP:050843,BOULDER 2 CO US,1650.5,40.0338,-105.2811,2011,201
7/21/11,0,COOP:050843,BOULDER 2 CO US,1650.5,40.0338,-105.2811,2011,202
7/28/11,0,COOP:050843,BOULDER 2 CO US,1650.5,40.0338,-105.2811,2011,209
7/29/11,0,COOP:050843,BOULDER 2 CO US,1650.5,40.0338,-105.2811,2011,210
8/1/11,0.1,COOP:050843,BOULDER 2 CO US,1650.5,40.0338,-105.2811,2011,213
8/14/11,0.1,COOP:050843,BOULDER 2 CO US,1650.5,40.0338,-105.2811,2011,226
8/20/11,0.1,COOP:050843,BOULDER 2 CO US,1650.5,40.0338,-105.2811,2011,232
9/1/11,0,COOP:050843,BOULDER 2 CO US,1650.5,40.0338,-105.2811,2011,244
9/6/11,0.1,COOP:050843,BOULDER 2 CO US,1650.5,40.0338,-105.2811,2011,249
9/7/11,0.6,COOP:050843,BOULDER 2 CO US,1650.5,40.0338,-105.2811,2011,250
9/13/11,0.1,COOP:050843,BOULDER 2 CO US,1650.5,40.0338,-105.2811,2011,256
9/15/11,1.2,COOP:050843,BOULDER 2 CO US,1650.5,40.0338,-105.2811,2011,258
10/1/11,0,COOP:050843,BOULDER 2 CO US,1650.5,40.0338,-105.2811,2011,274
10/8/11,0.2,COOP:050843,BOULDER 2 CO US,1650.5,40.0338,-105.2811,2011,281
10/26/11,1.1,COOP:050843,BOULDER 2 CO US,1650.5,40.0338,-105.2811,2011,299
10/27/11,0.1,COOP:050843,BOULDER 2 CO US,1650.5,40.0338,-105.2811,2011,300
11/1/11,0,COOP:050843,BOULDER 2 CO US,1650.5,40.0338,-105.2811,2011,305
11/2/11,0.7,COOP:050843,BOULDER 2 CO US,1650.5,40.0338,-105.2811,2011,306
11/3/11,0.1,COOP:050843,BOULDER 2 CO US,1650.5,40.0338,-105.2811,2011,307
11/30/11,0.4,COOP:050843,BOULDER 2 CO US,1650.5,40.0338,-105.2811,2011,334
12/1/11,0.1,COOP:050843,BOULDER 2 CO US,1650.5,40.0338,-105.2811,2011,335
12/3/11,0.2,COOP:050843,BOULDER 2 CO US,1650.5,40.0338,-105.2811,2011,337
12/5/11,0.1,COOP:050843,BOULDER 2 CO US,1650.5,40.0338,-105.2811,2011,339
12/22/11,0.8,COOP:050843,BOULDER 2 CO US,1650.5,40.0338,-105.2811,2011,356
1/1/12,0,COOP:050843,BOULDER 2 CO US,1650.5,40.0338,-105.2811,2012,1
2/1/12,0.1,COOP:050843,BOULDER 2 CO US,1650.5,40.0338,-105.2811,2012,32
2/22/12,0,COOP:050843,BOULDER 2 CO US,1650.5,40.0338,-105.2811,2012,53
2/23/12,0.2,COOP:050843,BOULDER 2 CO US,1650.5,40.0338,-105.2811,2012,54
3/1/12,0,COOP:050843,BOULDER 2 CO US,1650.5,40.0338,-105.2811,2012,61
4/1/12,0,COOP:050843,BOULDER 2 CO US,1650.5,40.0338,-105.2811,2012,92
4/3/12,0.5,COOP:050843,BOULDER 2 CO US,1650.5,40.0338,-105.2811,2012,94
4/14/12,0.1,COOP:050843,BOULDER 2 CO US,1650.5,40.0338,-105.2811,2012,105
4/15/12,0.4,COOP:050843,BOULDER 2 CO US,1650.5,40.0338,-105.2811,2012,106
4/27/12,0.1,COOP:050843,BOULDER 2 CO US,1650.5,40.0338,-105.2811,2012,118
5/1/12,0,COOP:050843,BOULDER 2 CO US,1650.5,40.0338,-105.2811,2012,122
5/7/12,0.5,COOP:050843,BOULDER 2 CO US,1650.5,40.0338,-105.2811,2012,128
5/11/12,0.1,COOP:050843,BOULDER 2 CO US,1650.5,40.0338,-105.2811,2012,132
5/12/12,0.1,COOP:050843,BOULDER 2 CO US,1650.5,40.0338,-105.2811,2012,133
5/17/12,0.1,COOP:050843,BOULDER 2 CO US,1650.5,40.0338,-105.2811,2012,138
5/19/12,0.2,COOP:050843,BOULDER 2 CO US,1650.5,40.0338,-105.2811,2012,140
5/23/12,0.2,COOP:050843,BOULDER 2 CO US,1650.5,40.0338,-105.2811,2012,144
5/24/12,0.3,COOP:050843,BOULDER 2 CO US,1650.5,40.0338,-105.2811,2012,145
6/1/12,0,COOP:050843,BOULDER 2 CO US,1650.5,40.0338,-105.2811,2012,153
7/1/12,0,COOP:050843,BOULDER 2 CO US,1650.5,40.0338,-105.2811,2012,183
7/5/12,0.1,COOP:050843,BOULDER 2 CO US,1650.5,40.0338,-105.2811,2012,187
7/6/12,0.1,COOP:050843,BOULDER 2 CO US,1650.5,40.0338,-105.2811,2012,188
7/7/12,0.8,COOP:050843,BOULDER 2 CO US,1650.5,40.0338,-105.2811,2012,189
7/8/12,0.5,COOP:050843,BOULDER 2 CO US,1650.5,40.0338,-105.2811,2012,190
7/9/12,0.8,COOP:050843,BOULDER 2 CO US,1650.5,40.0338,-105.2811,2012,191
7/16/12,0.1,COOP:050843,BOULDER 2 CO US,1650.5,40.0338,-105.2811,2012,198
7/25/12,0.1,COOP:050843,BOULDER 2 CO US,1650.5,40.0338,-105.2811,2012,207
7/30/12,0.3,COOP:050843,BOULDER 2 CO US,1650.5,40.0338,-105.2811,2012,212
8/1/12,0.1,COOP:050843,BOULDER 2 CO US,1650.5,40.0338,-105.2811,2012,214
8/12/12,0.1,COOP:050843,BOULDER 2 CO US,1650.5,40.0338,-105.2811,2012,225
9/1/12,0,COOP:050843,BOULDER 2 CO US,1650.5,40.0338,-105.2811,2012,245
9/7/12,0.1,COOP:050843,BOULDER 2 CO US,1650.5,40.0338,-105.2811,2012,251
9/12/12,1.1,COOP:050843,BOULDER 2 CO US,1650.5,40.0338,-105.2811,2012,256
9/13/12,0.1,COOP:050843,BOULDER 2 CO US,1650.5,40.0338,-105.2811,2012,257
9/26/12,0.3,COOP:050843,BOULDER 2 CO US,1650.5,40.0338,-105.2811,2012,270
9/27/12,0.1,COOP:050843,BOULDER 2 CO US,1650.5,40.0338,-105.2811,2012,271
10/1/12,0,COOP:050843,BOULDER 2 CO US,1650.5,40.0338,-105.2811,2012,275
10/13/12,0.1,COOP:050843,BOULDER 2 CO US,1650.5,40.0338,-105.2811,2012,287
10/24/12,0.1,COOP:050843,BOULDER 2 CO US,1650.5,40.0338,-105.2811,2012,298
10/25/12,0.7,COOP:050843,BOULDER 2 CO US,1650.5,40.0338,-105.2811,2012,299
10/26/12,0.2,COOP:050843,BOULDER 2 CO US,1650.5,40.0338,-105.2811,2012,300
11/1/12,0,COOP:050843,BOULDER 2 CO US,1650.5,40.0338,-105.2811,2012,306
11/10/12,0.2,COOP:050843,BOULDER 2 CO US,1650.5,40.0338,-105.2811,2012,315
11/11/12,0.1,COOP:050843,BOULDER 2 CO US,1650.5,40.0338,-105.2811,2012,316
12/1/12,0,COOP:050843,BOULDER 2 CO US,1650.5,40.0338,-105.2811,2012,336
12/11/12,0.1,COOP:050843,BOULDER 2 CO US,1650.5,40.0338,-105.2811,2012,346
12/19/12,0.1,COOP:050843,BOULDER 2 CO US,1650.5,40.0338,-105.2811,2012,354
12/25/12,0.3,COOP:050843,BOULDER 2 CO US,1650.5,40.0338,-105.2811,2012,360
1/1/13,0,COOP:050843,BOULDER 2 CO US,1650.5,40.0338,-105.2811,2013,1
1/28/13,0.1,COOP:050843,BOULDER 2 CO US,1650.5,40.0338,-105.2811,2013,28
1/29/13,0.1,COOP:050843,BOULDER 2 CO US,1650.5,40.0338,-105.2811,2013,29
2/1/13,0,COOP:050843,BOULDER 2 CO US,1650.5,40.0338,-105.2811,2013,32
2/14/13,0.1,COOP:050843,BOULDER 2 CO US,1650.5,40.0338,-105.2811,2013,45
2/21/13,0.4,COOP:050843,BOULDER 2 CO US,1650.5,40.0338,-105.2811,2013,52
2/24/13,0.4,COOP:050843,BOULDER 2 CO US,1650.5,40.0338,-105.2811,2013,55
2/26/13,0.1,COOP:050843,BOULDER 2 CO US,1650.5,40.0338,-105.2811,2013,57
3/1/13,0,COOP:050843,BOULDER 2 CO US,1650.5,40.0338,-105.2811,2013,60
3/4/13,0.1,COOP:050843,BOULDER 2 CO US,1650.5,40.0338,-105.2811,2013,63
3/9/13,0.4,COOP:050843,BOULDER 2 CO US,1650.5,40.0338,-105.2811,2013,68
3/12/13,0.4,COOP:050843,BOULDER 2 CO US,1650.5,40.0338,-105.2811,2013,71
3/23/13,0.8,COOP:050843,BOULDER 2 CO US,1650.5,40.0338,-105.2811,2013,82
4/1/13,0,COOP:050843,BOULDER 2 CO US,1650.5,40.0338,-105.2811,2013,91
4/2/13,0.3,COOP:050843,BOULDER 2 CO US,1650.5,40.0338,-105.2811,2013,92
4/3/13,0.2,COOP:050843,BOULDER 2 CO US,1650.5,40.0338,-105.2811,2013,93
4/9/13,0.7,COOP:050843,BOULDER 2 CO US,1650.5,40.0338,-105.2811,2013,99
4/10/13,0.1,COOP:050843,BOULDER 2 CO US,1650.5,40.0338,-105.2811,2013,100
4/14/13,0.1,COOP:050843,BOULDER 2 CO US,1650.5,40.0338,-105.2811,2013,104
4/15/13,0.7,COOP:050843,BOULDER 2 CO US,1650.5,40.0338,-105.2811,2013,105
4/16/13,0.3,COOP:050843,BOULDER 2 CO US,1650.5,40.0338,-105.2811,2013,106
4/17/13,0.4,COOP:050843,BOULDER 2 CO US,1650.5,40.0338,-105.2811,2013,107
4/22/13,0.5,COOP:050843,BOULDER 2 CO US,1650.5,40.0338,-105.2811,2013,112
4/23/13,0.7,COOP:050843,BOULDER 2 CO US,1650.5,40.0338,-105.2811,2013,113
5/1/13,1.4,COOP:050843,BOULDER 2 CO US,1650.5,40.0338,-105.2811,2013,121
5/2/13,0.1,COOP:050843,BOULDER 2 CO US,1650.5,40.0338,-105.2811,2013,122
5/8/13,0.4,COOP:050843,BOULDER 2 CO US,1650.5,40.0338,-105.2811,2013,128
5/9/13,0.5,COOP:050843,BOULDER 2 CO US,1650.5,40.0338,-105.2811,2013,129
5/20/13,0.1,COOP:050843,BOULDER 2 CO US,1650.5,40.0338,-105.2811,2013,140
5/23/13,0.1,COOP:050843,BOULDER 2 CO US,1650.5,40.0338,-105.2811,2013,143
5/29/13,0.1,COOP:050843,BOULDER 2 CO US,1650.5,40.0338,-105.2811,2013,149
6/1/13,0,COOP:050843,BOULDER 2 CO US,1650.5,40.0338,-105.2811,2013,152
6/5/13,0.1,COOP:050843,BOULDER 2 CO US,1650.5,40.0338,-105.2811,2013,156
6/17/13,0.1,COOP:050843,BOULDER 2 CO US,1650.5,40.0338,-105.2811,2013,168
6/29/13,0.2,COOP:050843,BOULDER 2 CO US,1650.5,40.0338,-105.2811,2013,180
7/1/13,0,COOP:050843,BOULDER 2 CO US,1650.5,40.0338,-105.2811,2013,182
7/4/13,0.1,COOP:050843,BOULDER 2 CO US,1650.5,40.0338,-105.2811,2013,185
7/12/13,0.1,COOP:050843,BOULDER 2 CO US,1650.5,40.0338,-105.2811,2013,193
7/13/13,0.3,COOP:050843,BOULDER 2 CO US,1650.5,40.0338,-105.2811,2013,194
7/15/13,0.5,COOP:050843,BOULDER 2 CO US,1650.5,40.0338,-105.2811,2013,196
7/25/13,0.4,COOP:050843,BOULDER 2 CO US,1650.5,40.0338,-105.2811,2013,206
7/26/13,0.1,COOP:050843,BOULDER 2 CO US,1650.5,40.0338,-105.2811,2013,207
7/28/13,0.2,COOP:050843,BOULDER 2 CO US,1650.5,40.0338,-105.2811,2013,209
8/1/13,0.1,COOP:050843,BOULDER 2 CO US,1650.5,40.0338,-105.2811,2013,213
8/5/13,0.1,COOP:050843,BOULDER 2 CO US,1650.5,40.0338,-105.2811,2013,217
8/6/13,0.1,COOP:050843,BOULDER 2 CO US,1650.5,40.0338,-105.2811,2013,218
8/10/13,0.2,COOP:050843,BOULDER 2 CO US,1650.5,40.0338,-105.2811,2013,222
8/13/13,0.2,COOP:050843,BOULDER 2 CO US,1650.5,40.0338,-105.2811,2013,225
8/21/13,0.1,COOP:050843,BOULDER 2 CO US,1650.5,40.0338,-105.2811,2013,233
8/26/13,0.1,COOP:050843,BOULDER 2 CO US,1650.5,40.0338,-105.2811,2013,238
8/27/13,0.1,COOP:050843,BOULDER 2 CO US,1650.5,40.0338,-105.2811,2013,239
9/1/13,0,COOP:050843,BOULDER 2 CO US,1650.5,40.0338,-105.2811,2013,244
9/9/13,0.1,COOP:050843,BOULDER 2 CO US,1650.5,40.0338,-105.2811,2013,252
9/10/13,1,COOP:050843,BOULDER 2 CO US,1650.5,40.0338,-105.2811,2013,253
9/11/13,2.3,COOP:050843,BOULDER 2 CO US,1650.5,40.0338,-105.2811,2013,254
9/12/13,9.8,COOP:050843,BOULDER 2 CO US,1650.5,40.0338,-105.2811,2013,255
9/13/13,1.9,COOP:050843,BOULDER 2 CO US,1650.5,40.0338,-105.2811,2013,256
9/15/13,1.4,COOP:050843,BOULDER 2 CO US,1650.5,40.0338,-105.2811,2013,258
9/16/13,0.4,COOP:050843,BOULDER 2 CO US,1650.5,40.0338,-105.2811,2013,259
9/22/13,0.1,COOP:050843,BOULDER 2 CO US,1650.5,40.0338,-105.2811,2013,265
9/23/13,0.3,COOP:050843,BOULDER 2 CO US,1650.5,40.0338,-105.2811,2013,266
9/27/13,0.3,COOP:050843,BOULDER 2 CO US,1650.5,40.0338,-105.2811,2013,270
9/28/13,0.1,COOP:050843,BOULDER 2 CO US,1650.5,40.0338,-105.2811,2013,271
10/1/13,0,COOP:050843,BOULDER 2 CO US,1650.5,40.0338,-105.2811,2013,274
10/4/13,0.9,COOP:050843,BOULDER 2 CO US,1650.5,40.0338,-105.2811,2013,277
10/11/13,0.1,COOP:050843,BOULDER 2 CO US,1650.5,40.0338,-105.2811,2013,284
10/18/13,0.3,COOP:050843,BOULDER 2 CO US,1650.5,40.0338,-105.2811,2013,291
10/20/13,0.3,COOP:050843,BOULDER 2 CO US,1650.5,40.0338,-105.2811,2013,293
10/28/13,0.1,COOP:050843,BOULDER 2 CO US,1650.5,40.0338,-105.2811,2013,301
10/29/13,0.1,COOP:050843,BOULDER 2 CO US,1650.5,40.0338,-105.2811,2013,302
10/30/13,0.2,COOP:050843,BOULDER 2 CO US,1650.5,40.0338,-105.2811,2013,303
11/1/13,0,COOP:050843,BOULDER 2 CO US,1650.5,40.0338,-105.2811,2013,305
11/9/13,0.1,COOP:050843,BOULDER 2 CO US,1650.5,40.0338,-105.2811,2013,313
11/21/13,0.2,COOP:050843,BOULDER 2 CO US,1650.5,40.0338,-105.2811,2013,325
11/27/13,0.1,COOP:050843,BOULDER 2 CO US,1650.5,40.0338,-105.2811,2013,331
12/1/13,0,COOP:050843,BOULDER 2 CO US,1650.5,40.0338,-105.2811,2013,335
12/4/13,0.4,COOP:050843,BOULDER 2 CO US,1650.5,40.0338,-105.2811,2013,338
12/22/13,0,COOP:050843,BOULDER 2 CO US,1650.5,40.0338,-105.2811,2013,356
12/23/13,0.1,COOP:050843,BOULDER 2 CO US,1650.5,40.0338,-105.2811,2013,357
12/29/13,0,COOP:050843,BOULDER 2 CO US,1650.5,40.0338,-105.2811,2013,363
12/31/13,0,COOP:050843,BOULDER 2 CO US,1650.5,40.0338,-105.2811,2013,365